step;count_supply;gov_wealth;construction_wealth;company_wealth;bank_wealth;calculate_houses_prices_perm2;supply_volume;demand_volume;rental_supply_volume;rental_demand_volume;calculate_prices_in_supply;irs;vat;subsidyRate;salaryRate;births;breakups;deaths;children_leaving_home;n_of_households;subsidiesPaid;ivaCollected;irsCollected;companyServicesPaid;inheritagesFlow;constructionLabor;rawSalariesPaid;liquidSalariesReceived;expensesReceived;transactions_per_region;rents_per_region;number_of_houses_built_per_region;supply_per_bucket;demand_per_bucket;newly_built_houses_for_sale;mortgages_per_step;houses_for_sale;contractRents
0;0;1.2e8;6.0e6;7.2e7;8.04e7;NaN;Dict{HouseLocation, Int64}(Oeiras => 0);Dict{HouseLocation, Int64}(Oeiras => 0);Dict{HouseLocation, Int64}(Oeiras => 0);Dict{HouseLocation, Int64}(Oeiras => 0);NaN;0.2;0.15;1.0;1.0;0;0;0;0;1200;0.0;0.0;0.0;0.0;0.0;0.0;0.0;0.0;0.0;Dict{Any, Any}(Oeiras => Transaction[]);Dict{Any, Any}(Oeiras => Transaction[]);Dict{HouseLocation, Dict{SizeInterval, Int64}}(Oeiras => Dict(LessThan75 => 0, LessThan125 => 0, More => 0, LessThan50 => 0));Dict{HouseLocation, Dict{SizeInterval, Int64}}(Oeiras => Dict(LessThan75 => 0, LessThan125 => 0, More => 0, LessThan50 => 0));Dict{HouseLocation, Dict{SizeInterval, Int64}}(Oeiras => Dict(LessThan75 => 0, LessThan125 => 0, More => 0, LessThan50 => 0));House[];Mortgage[];House[];Dict{HouseLocation, Float64}(Oeiras => 5.119251709094484)
1;4;1.1939650025471438e8;5.817862862881911e6;7.221713866800627e7;8.021055039869621e7;2358.045556048554;Dict{HouseLocation, Int64}(Oeiras => 7);Dict{HouseLocation, Int64}(Oeiras => 92);Dict{HouseLocation, Int64}(Oeiras => 0);Dict{HouseLocation, Int64}(Oeiras => 85);1720.2327812064918;0.2;0.15;1.0;1.0;2;1;2;0;1202;150857.90361233344;303755.1681592717;1.4319926454425533e6;2.4e6;0.0;23937.137118088598;3.9041406182291657e6;2.4721479727866086e6;1.7212792862358768e6;Dict{Any, Any}(Oeiras => Transaction[Transaction(0x0022, 82344.46471959354, Oeiras), Transaction(0x002a, 106333.93062175193, Oeiras), Transaction(0x0031, 103903.53931003224, Oeiras)]);Dict{Any, Any}(Oeiras => Transaction[]);Dict{HouseLocation, Dict{SizeInterval, Int64}}(Oeiras => Dict(LessThan75 => 0, LessThan125 => 0, More => 0, LessThan50 => 0));Dict{HouseLocation, Dict{SizeInterval, Int64}}(Oeiras => Dict(LessThan75 => 0, LessThan125 => 1, More => 0, LessThan50 => 3));Dict{HouseLocation, Dict{SizeInterval, Int64}}(Oeiras => Dict(LessThan75 => 4, LessThan125 => 5, More => 10, LessThan50 => 7));House[];Mortgage[Mortgage(31158.5062309625, 16365.846230766236, 35, 0x0048), Mortgage(81476.36028384871, 73968.7003221167, 35, 0x012c), Mortgage(76814.73478897204, 69359.24994596958, 35, 0x0120)];House[House(0x004f, Oeiras, NotSocialNeighbourhood, 1.0, 23), House(0x002e, Oeiras, NotSocialNeighbourhood, 1.0, 24), House(0x001a, Oeiras, NotSocialNeighbourhood, 1.0, 60), House(0x0029, Oeiras, NotSocialNeighbourhood, 1.0, 2)];Dict{HouseLocation, Float64}(Oeiras => 5.117089477793512)
2;7;1.188192994402676e8;5.608286743489445e6;7.241744349752969e7;8.007359292949323e7;2144.1935403348552;Dict{HouseLocation, Int64}(Oeiras => 9);Dict{HouseLocation, Int64}(Oeiras => 99);Dict{HouseLocation, Int64}(Oeiras => 1);Dict{HouseLocation, Int64}(Oeiras => 87);2019.8151233802962;0.2;0.15;1.0;1.0;4;0;2;4;1204;150533.20518025014;301565.2889416442;1.433230821630052e6;2.4e6;0.0;30376.119392465735;3.9085651411458347e6;2.475334319515782e6;1.7088699706693173e6;Dict{Any, Any}(Oeiras => Transaction[Transaction(0x001a, 55793.92302315388, Oeiras), Transaction(0x004f, 118571.96246302384, Oeiras)]);Dict{Any, Any}(Oeiras => Transaction[]);Dict{HouseLocation, Dict{SizeInterval, Int64}}(Oeiras => Dict(LessThan75 => 0, LessThan125 => 0, More => 0, LessThan50 => 0));Dict{HouseLocation, Dict{SizeInterval, Int64}}(Oeiras => Dict(LessThan75 => 2, LessThan125 => 2, More => 0, LessThan50 => 3));Dict{HouseLocation, Dict{SizeInterval, Int64}}(Oeiras => Dict(LessThan75 => 10, LessThan125 => 7, More => 11, LessThan50 => 9));House[];Mortgage[Mortgage(34678.77402944143, 22977.115440429192, 34, 0x0060), Mortgage(103315.87626428029, 98284.67562641563, 34, 0x01d4)];House[House(0x002e, Oeiras, NotSocialNeighbourhood, 1.0, 24), House(0x0070, Oeiras, NotSocialNeighbourhood, 1.0, 82), House(0x0029, Oeiras, NotSocialNeighbourhood, 1.0, 2), House(0x0033, Oeiras, NotSocialNeighbourhood, 1.0, 31), House(0x003c, Oeiras, NotSocialNeighbourhood, 1.0, 81), House(0x0070, Oeiras, NotSocialNeighbourhood, 1.0, 82), House(0x0031, Oeiras, NotSocialNeighbourhood, 1.0, 13)];Dict{HouseLocation, Float64}(Oeiras => 5.1197153381985)
3;9;1.1819431466093595e8;5.446615767934125e6;7.260800935047106e7;7.990241316088715e7;2128.6803587207824;Dict{HouseLocation, Int64}(Oeiras => 11);Dict{HouseLocation, Int64}(Oeiras => 98);Dict{HouseLocation, Int64}(Oeiras => 1);Dict{HouseLocation, Int64}(Oeiras => 90);2066.5457726426403;0.2;0.15;1.0;1.0;3;0;0;7;1209;150167.2259802502;300503.3092506851;1.4338692170467214e6;2.4e6;0.0;45470.975555320634;3.9122862328125e6;2.47841701576578e6;1.7028520857538846e6;Dict{Any, Any}(Oeiras => Transaction[Transaction(0x002e, 78141.92628528875, Oeiras), Transaction(0x003c, 148863.4368858083, Oeiras)]);Dict{Any, Any}(Oeiras => Transaction[]);Dict{HouseLocation, Dict{SizeInterval, Int64}}(Oeiras => Dict(LessThan75 => 0, LessThan125 => 0, More => 0, LessThan50 => 0));Dict{HouseLocation, Dict{SizeInterval, Int64}}(Oeiras => Dict(LessThan75 => 5, LessThan125 => 2, More => 0, LessThan50 => 2));Dict{HouseLocation, Dict{SizeInterval, Int64}}(Oeiras => Dict(LessThan75 => 5, LessThan125 => 13, More => 7, LessThan50 => 10));House[];Mortgage[Mortgage(62639.5291153739, 59816.14576422418, 33, 0x01e0), Mortgage(110208.14637563772, 95970.20454399446, 33, 0x00d8)];House[House(0x0070, Oeiras, NotSocialNeighbourhood, 1.0, 82), House(0x0029, Oeiras, NotSocialNeighbourhood, 1.0, 2), House(0x0033, Oeiras, NotSocialNeighbourhood, 1.0, 31), House(0x0070, Oeiras, NotSocialNeighbourhood, 1.0, 82), House(0x0031, Oeiras, NotSocialNeighbourhood, 1.0, 13), House(0x003e, Oeiras, NotSocialNeighbourhood, 1.0, 30), House(0x0039, Oeiras, NotSocialNeighbourhood, 1.0, 55), House(0x0044, Oeiras, NotSocialNeighbourhood, 1.0, 71), House(0x003c, Oeiras, NotSocialNeighbourhood, 1.0, 81)];Dict{HouseLocation, Float64}(Oeiras => 5.123480896047748)
4;12;1.1762260356957805e8;5.230172164781338e6;7.279053303761461e7;7.965845597095565e7;2111.408257067912;Dict{HouseLocation, Int64}(Oeiras => 14);Dict{HouseLocation, Int64}(Oeiras => 105);Dict{HouseLocation, Int64}(Oeiras => 1);Dict{HouseLocation, Int64}(Oeiras => 95);2149.6488417250093;0.2;0.15;1.0;1.0;3;1;2;4;1213;150060.59404025017;299806.6950658423;1.433670857271511e6;2.4e6;0.0;49843.60315278807;3.9163809182291683e6;2.4827100609576493e6;1.6989046053731074e6;Dict{Any, Any}(Oeiras => Transaction[Transaction(0x0039, 109367.02997578727, Oeiras), Transaction(0x0056, 187754.51014490362, Oeiras)]);Dict{Any, Any}(Oeiras => Transaction[Transaction(0x0019, 208.65768286365963, Oeiras)]);Dict{HouseLocation, Dict{SizeInterval, Int64}}(Oeiras => Dict(LessThan75 => 0, LessThan125 => 0, More => 0, LessThan50 => 0));Dict{HouseLocation, Dict{SizeInterval, Int64}}(Oeiras => Dict(LessThan75 => 7, LessThan125 => 3, More => 0, LessThan50 => 2));Dict{HouseLocation, Dict{SizeInterval, Int64}}(Oeiras => Dict(LessThan75 => 5, LessThan125 => 10, More => 7, LessThan50 => 13));House[];Mortgage[Mortgage(86569.67346083507, 81205.2271552825, 32, 0x0174), Mortgage(159756.74003413884, 147837.2839845476, 32, 0x0144)];House[House(0x0033, Oeiras, NotSocialNeighbourhood, 1.0, 31), House(0x0031, Oeiras, NotSocialNeighbourhood, 1.0, 13), House(0x0070, Oeiras, NotSocialNeighbourhood, 1.0, 82), House(0x0029, Oeiras, NotSocialNeighbourhood, 1.0, 2), House(0x0070, Oeiras, NotSocialNeighbourhood, 1.0, 82), House(0x0044, Oeiras, NotSocialNeighbourhood, 1.0, 71), House(0x0044, Oeiras, NotSocialNeighbourhood, 1.0, 71), House(0x003e, Oeiras, NotSocialNeighbourhood, 1.0, 30), House(0x004a, Oeiras, NotSocialNeighbourhood, 1.0, 77), House(0x003c, Oeiras, NotSocialNeighbourhood, 1.0, 81), House(0x0056, Oeiras, NotSocialNeighbourhood, 1.0, 59), House(0x0036, Oeiras, NotSocialNeighbourhood, 1.0, 75)];Dict{HouseLocation, Float64}(Oeiras => 5.132415747615362)
5;10;1.1712586537548327e8;4.94372856162855e6;7.296511575961667e7;7.921266596540472e7;2089.855717110263;Dict{HouseLocation, Int64}(Oeiras => 15);Dict{HouseLocation, Int64}(Oeiras => 107);Dict{HouseLocation, Int64}(Oeiras => 0);Dict{HouseLocation, Int64}(Oeiras => 98);2031.6232188126621;0.2;0.15;1.0;1.0;1;0;2;0;1214;150410.20284025013;300656.01151146425;1.4376867480433865e6;2.4e6;0.0;49843.60315278807;3.9291346765625016e6;2.49144792851911e6;1.7037173985649673e6;Dict{Any, Any}(Oeiras => Transaction[Transaction(0x0033, 89538.55571004047, Oeiras), Transaction(0x0044, 141963.75216081107, Oeiras), Transaction(0x0036, 127513.03921078095, Oeiras), Transaction(0x0056, 175678.6704823531, Oeiras), Transaction(0x004a, 148578.51106024467, Oeiras)]);Dict{Any, Any}(Oeiras => Transaction[]);Dict{HouseLocation, Dict{SizeInterval, Int64}}(Oeiras => Dict(LessThan75 => 0, LessThan125 => 0, More => 0, LessThan50 => 0));Dict{HouseLocation, Dict{SizeInterval, Int64}}(Oeiras => Dict(LessThan75 => 5, LessThan125 => 2, More => 1, LessThan50 => 2));Dict{HouseLocation, Dict{SizeInterval, Int64}}(Oeiras => Dict(LessThan75 => 7, LessThan125 => 15, More => 7, LessThan50 => 13));House[];Mortgage[Mortgage(76963.93613233477, 73663.21956504181, 31, 0x01d4), Mortgage(118656.6186083763, 113370.55847011384, 31, 0x01c8), Mortgage(106266.98796685993, 92595.3721166534, 31, 0x00cc), Mortgage(147084.0411617376, 136002.65306404248, 31, 0x0138)];House[House(0x0031, Oeiras, NotSocialNeighbourhood, 1.0, 13), House(0x0029, Oeiras, NotSocialNeighbourhood, 1.0, 2), House(0x0070, Oeiras, NotSocialNeighbourhood, 1.0, 82), House(0x0070, Oeiras, NotSocialNeighbourhood, 1.0, 82), House(0x0044, Oeiras, NotSocialNeighbourhood, 1.0, 71), House(0x003e, Oeiras, NotSocialNeighbourhood, 1.0, 30), House(0x004a, Oeiras, NotSocialNeighbourhood, 1.0, 77), House(0x003c, Oeiras, NotSocialNeighbourhood, 1.0, 81), House(0x004a, Oeiras, NotSocialNeighbourhood, 1.0, 48), House(0x00ed, Oeiras, NotSocialNeighbourhood, 1.0, 10)];Dict{HouseLocation, Float64}(Oeiras => 5.132415747615362)
6;10;1.1661634015646222e8;4.674084958475763e6;7.315112972962758e7;7.90021634913445e7;2074.2085800773516;Dict{HouseLocation, Int64}(Oeiras => 11);Dict{HouseLocation, Int64}(Oeiras => 107);Dict{HouseLocation, Int64}(Oeiras => 0);Dict{HouseLocation, Int64}(Oeiras => 94);1933.7085047765067;0.2;0.15;1.0;1.0;4;0;0;0;1214;151017.3440419168;302685.8209026617;1.4373583819277629e6;2.4e6;0.0;49843.60315278806;3.9292056817708355e6;2.491847299843072e6;1.7152196517817494e6;Dict{Any, Any}(Oeiras => Transaction[Transaction(0x0044, 158256.778707112, Oeiras), Transaction(0x003e, 99327.20369324587, Oeiras)]);Dict{Any, Any}(Oeiras => Transaction[]);Dict{HouseLocation, Dict{SizeInterval, Int64}}(Oeiras => Dict(LessThan75 => 0, LessThan125 => 1, More => 0, LessThan50 => 0));Dict{HouseLocation, Dict{SizeInterval, Int64}}(Oeiras => Dict(LessThan75 => 3, LessThan125 => 2, More => 2, LessThan50 => 2));Dict{HouseLocation, Dict{SizeInterval, Int64}}(Oeiras => Dict(LessThan75 => 5, LessThan125 => 18, More => 12, LessThan50 => 13));House[House(0x0060, Oeiras, NotSocialNeighbourhood, 1.0, 30)];Mortgage[Mortgage(131979.25160387813, 121933.36717292099, 30, 0x012c), Mortgage(83279.7898493915, 73665.25045193479, 30, 0x00d8)];House[House(0x0031, Oeiras, NotSocialNeighbourhood, 1.0, 13), House(0x0029, Oeiras, NotSocialNeighbourhood, 1.0, 2), House(0x0070, Oeiras, NotSocialNeighbourhood, 1.0, 82), House(0x0070, Oeiras, NotSocialNeighbourhood, 1.0, 82), House(0x00ed, Oeiras, NotSocialNeighbourhood, 1.0, 10), House(0x004a, Oeiras, NotSocialNeighbourhood, 1.0, 77), House(0x004a, Oeiras, NotSocialNeighbourhood, 1.0, 48), House(0x00ed, Oeiras, NotSocialNeighbourhood, 1.0, 10), House(0x003c, Oeiras, NotSocialNeighbourhood, 1.0, 81), House(0x0060, Oeiras, NotSocialNeighbourhood, 1.0, 30)];Dict{HouseLocation, Float64}(Oeiras => 5.1356379204822495)
7;11;1.1605020082392485e8;4.450855812101353e6;7.335859599809718e7;7.876102884014069e7;2071.337586084142;Dict{HouseLocation, Int64}(Oeiras => 13);Dict{HouseLocation, Int64}(Oeiras => 102);Dict{HouseLocation, Int64}(Oeiras => 0);Dict{HouseLocation, Int64}(Oeiras => 94);1944.2978285152371;0.2;0.15;1.0;1.0;1;0;3;2;1213;151017.34404191675;303621.92954615474;1.4299730267457284e6;2.4e6;0.0;37029.14637441121;3.913057998958332e6;2.4830849722126015e6;1.7205242674282095e6;Dict{Any, Any}(Oeiras => Transaction[Transaction(0x004a, 140409.51388821116, Oeiras), Transaction(0x0047, 156151.2517495135, Oeiras)]);Dict{Any, Any}(Oeiras => Transaction[]);Dict{HouseLocation, Dict{SizeInterval, Int64}}(Oeiras => Dict(LessThan75 => 0, LessThan125 => 0, More => 0, LessThan50 => 0));Dict{HouseLocation, Dict{SizeInterval, Int64}}(Oeiras => Dict(LessThan75 => 3, LessThan125 => 3, More => 2, LessThan50 => 3));Dict{HouseLocation, Dict{SizeInterval, Int64}}(Oeiras => Dict(LessThan75 => 8, LessThan125 => 14, More => 8, LessThan50 => 10));House[House(0x0060, Oeiras, NotSocialNeighbourhood, 1.0, 30)];Mortgage[Mortgage(118347.87253818466, 111908.02757896691, 29, 0x0174), Mortgage(128443.94429644945, 116701.73695646737, 29, 0x00fc)];House[House(0x0029, Oeiras, NotSocialNeighbourhood, 1.0, 2), House(0x0031, Oeiras, NotSocialNeighbourhood, 1.0, 13), House(0x00ed, Oeiras, NotSocialNeighbourhood, 1.0, 10), House(0x0047, Oeiras, NotSocialNeighbourhood, 1.0, 69), House(0x0070, Oeiras, NotSocialNeighbourhood, 1.0, 82), House(0x004a, Oeiras, NotSocialNeighbourhood, 1.0, 77), House(0x0070, Oeiras, NotSocialNeighbourhood, 1.0, 82), House(0x003c, Oeiras, NotSocialNeighbourhood, 1.0, 81), House(0x00ed, Oeiras, NotSocialNeighbourhood, 1.0, 10), House(0x0060, Oeiras, NotSocialNeighbourhood, 1.0, 30), House(0x0021, Oeiras, NotSocialNeighbourhood, 1.0, 41)];Dict{HouseLocation, Float64}(Oeiras => 5.135947265358883)
8;10;1.154182064286401e8;4.296226665726943e6;7.358108373180258e7;7.841127382314694e7;2105.1989384588824;Dict{HouseLocation, Int64}(Oeiras => 11);Dict{HouseLocation, Int64}(Oeiras => 106);Dict{HouseLocation, Int64}(Oeiras => 1);Dict{HouseLocation, Int64}(Oeiras => 93);1896.6486760792163;0.2;0.15;1.0;1.0;5;0;2;0;1214;151577.62672591684;306464.66808042733;1.4300313394092708e6;2.4e6;0.0;37029.14637441121;3.914145385416667e6;2.4841140460073934e6;1.7366331191224207e6;Dict{Any, Any}(Oeiras => Transaction[Transaction(0x0070, 262166.77870486246, Oeiras), Transaction(0x003c, 148747.64458789467, Oeiras)]);Dict{Any, Any}(Oeiras => Transaction[Transaction(0x0021, 240.1982703573272, Oeiras)]);Dict{HouseLocation, Dict{SizeInterval, Int64}}(Oeiras => Dict(LessThan75 => 1, LessThan125 => 0, More => 0, LessThan50 => 0));Dict{HouseLocation, Dict{SizeInterval, Int64}}(Oeiras => Dict(LessThan75 => 2, LessThan125 => 2, More => 2, LessThan50 => 3));Dict{HouseLocation, Dict{SizeInterval, Int64}}(Oeiras => Dict(LessThan75 => 7, LessThan125 => 15, More => 9, LessThan50 => 13));House[House(0x0060, Oeiras, NotSocialNeighbourhood, 1.0, 30), House(0x0041, Oeiras, NotSocialNeighbourhood, 1.0, 94)];Mortgage[Mortgage(228782.80256840226, 219598.403804107, 28, 0x01bc), Mortgage(127543.6865271999, 122992.4268824738, 28, 0x01e0)];House[House(0x0031, Oeiras, NotSocialNeighbourhood, 1.0, 13), House(0x00ed, Oeiras, NotSocialNeighbourhood, 1.0, 10), House(0x0029, Oeiras, NotSocialNeighbourhood, 1.0, 2), House(0x0047, Oeiras, NotSocialNeighbourhood, 1.0, 69), House(0x004a, Oeiras, NotSocialNeighbourhood, 1.0, 77), House(0x00ed, Oeiras, NotSocialNeighbourhood, 1.0, 10), House(0x0021, Oeiras, NotSocialNeighbourhood, 1.0, 41), House(0x0070, Oeiras, NotSocialNeighbourhood, 1.0, 82), House(0x0060, Oeiras, NotSocialNeighbourhood, 1.0, 30), House(0x0041, Oeiras, NotSocialNeighbourhood, 1.0, 94)];Dict{HouseLocation, Float64}(Oeiras => 5.152309527452569)
9;7;1.1472336145613286e8;4.366621597031622e6;7.378446642291756e7;7.791828696288419e7;2057.874852519332;Dict{HouseLocation, Int64}(Oeiras => 12);Dict{HouseLocation, Int64}(Oeiras => 109);Dict{HouseLocation, Int64}(Oeiras => 0);Dict{HouseLocation, Int64}(Oeiras => 93);1865.3121810820019;0.2;0.15;1.0;1.0;3;1;1;0;1216;152314.85394491683;302910.72159385076;1.4295510830942737e6;2.4e6;0.0;25906.466034699468;3.913111397916667e6;2.483560314822396e6;1.716494089031816e6;Dict{Any, Any}(Oeiras => Transaction[Transaction(0x0031, 66687.27122047544, Oeiras), Transaction(0x0047, 157263.74559857397, Oeiras), Transaction(0x0021, 60299.809292858474, Oeiras), Transaction(0x0060, 166301.39733937796, Oeiras), Transaction(0x004a, 163345.55183484798, Oeiras)]);Dict{Any, Any}(Oeiras => Transaction[]);Dict{HouseLocation, Dict{SizeInterval, Int64}}(Oeiras => Dict(LessThan75 => 0, LessThan125 => 0, More => 0, LessThan50 => 0));Dict{HouseLocation, Dict{SizeInterval, Int64}}(Oeiras => Dict(LessThan75 => 1, LessThan125 => 2, More => 2, LessThan50 => 2));Dict{HouseLocation, Dict{SizeInterval, Int64}}(Oeiras => Dict(LessThan75 => 11, LessThan125 => 16, More => 11, LessThan50 => 4));House[House(0x0041, Oeiras, NotSocialNeighbourhood, 1.0, 94)];Mortgage[Mortgage(53905.2308937129, 52010.07550610237, 27, 0x01d4), Mortgage(126118.6648944165, 115564.86336614145, 27, 0x00fc), Mortgage(36241.832096667626, 33209.06051373415, 27, 0x00fc), Mortgage(144812.0938346696, 130079.82085673066, 27, 0x00d8), Mortgage(139388.19642578505, 132810.60267112538, 27, 0x0180)];House[House(0x0029, Oeiras, NotSocialNeighbourhood, 1.0, 2), House(0x00ed, Oeiras, NotSocialNeighbourhood, 1.0, 10), House(0x00ed, Oeiras, NotSocialNeighbourhood, 1.0, 10), House(0x0070, Oeiras, NotSocialNeighbourhood, 1.0, 82), House(0x0041, Oeiras, NotSocialNeighbourhood, 1.0, 94), House(0x0070, Oeiras, NotSocialNeighbourhood, 1.0, 82), House(0x0030, Oeiras, NotSocialNeighbourhood, 1.0, 1)];Dict{HouseLocation, Float64}(Oeiras => 5.155536021070968)
10;9;1.1431854991550782e8;4.150352133814409e6;7.402874372114328e7;7.77905962984523e7;2077.3275965452076;Dict{HouseLocation, Int64}(Oeiras => 10);Dict{HouseLocation, Int64}(Oeiras => 100);Dict{HouseLocation, Int64}(Oeiras => 1);Dict{HouseLocation, Int64}(Oeiras => 92);1719.2401868509705;0.2;0.15;1.0;1.0;5;0;6;2;1218;151567.7652449168;309444.18737076916;1.4263742538421885e6;2.4e6;0.0;25906.466034699468;3.9092397635416673e6;2.482865509699477e6;1.7535170617676901e6;Dict{Any, Any}(Oeiras => Transaction[Transaction(0x0041, 166637.00281748682, Oeiras)]);Dict{Any, Any}(Oeiras => Transaction[Transaction(0x0034, 382.88525791484005, Oeiras)]);Dict{HouseLocation, Dict{SizeInterval, Int64}}(Oeiras => Dict(LessThan75 => 0, LessThan125 => 0, More => 0, LessThan50 => 0));Dict{HouseLocation, Dict{SizeInterval, Int64}}(Oeiras => Dict(LessThan75 => 2, LessThan125 => 2, More => 2, LessThan50 => 3));Dict{HouseLocation, Dict{SizeInterval, Int64}}(Oeiras => Dict(LessThan75 => 10, LessThan125 => 15, More => 11, LessThan50 => 5));House[];Mortgage[Mortgage(137137.94519452375, 128904.91599943128, 26, 0x0138)];House[House(0x0029, Oeiras, NotSocialNeighbourhood, 1.0, 2), House(0x00ed, Oeiras, NotSocialNeighbourhood, 1.0, 10), House(0x00ed, Oeiras, NotSocialNeighbourhood, 1.0, 10), House(0x0070, Oeiras, NotSocialNeighbourhood, 1.0, 82), House(0x0070, Oeiras, NotSocialNeighbourhood, 1.0, 82), House(0x0049, Oeiras, NotSocialNeighbourhood, 1.0, 48), House(0x0030, Oeiras, NotSocialNeighbourhood, 1.0, 1), House(0x0034, Oeiras, NotSocialNeighbourhood, 1.0, 43), House(0x0030, Oeiras, NotSocialNeighbourhood, 1.0, 1)];Dict{HouseLocation, Float64}(Oeiras => 5.163310478433202)
11;10;1.1355929746521007e8;4.124445667779709e6;7.429211019115278e7;7.767750505790053e7;2072.326191352897;Dict{HouseLocation, Int64}(Oeiras => 11);Dict{HouseLocation, Int64}(Oeiras => 100);Dict{HouseLocation, Int64}(Oeiras => 1);Dict{HouseLocation, Int64}(Oeiras => 94);1842.1707437494865;0.2;0.15;1.0;1.0;4;1;1;0;1220;151682.34005791685;312716.06400903274;1.425783453267187e6;2.4e6;0.0;25906.466034699468;3.908691226041669e6;2.482907772774474e6;1.7720576960511806e6;Dict{Any, Any}(Oeiras => Transaction[Transaction(0x0049, 141787.14491375582, Oeiras)]);Dict{Any, Any}(Oeiras => Transaction[Transaction(0x0052, 971.4522519583423, Oeiras)]);Dict{HouseLocation, Dict{SizeInterval, Int64}}(Oeiras => Dict(LessThan75 => 0, LessThan125 => 0, More => 0, LessThan50 => 0));Dict{HouseLocation, Dict{SizeInterval, Int64}}(Oeiras => Dict(LessThan75 => 2, LessThan125 => 3, More => 2, LessThan50 => 3));Dict{HouseLocation, Dict{SizeInterval, Int64}}(Oeiras => Dict(LessThan75 => 5, LessThan125 => 17, More => 10, LessThan50 => 10));House[];Mortgage[Mortgage(123026.12122062822, 119175.36619896992, 25, 0x01d4)];House[House(0x00ed, Oeiras, NotSocialNeighbourhood, 1.0, 10), House(0x0029, Oeiras, NotSocialNeighbourhood, 1.0, 2), House(0x0070, Oeiras, NotSocialNeighbourhood, 1.0, 82), House(0x0070, Oeiras, NotSocialNeighbourhood, 1.0, 82), House(0x0030, Oeiras, NotSocialNeighbourhood, 1.0, 1), House(0x0034, Oeiras, NotSocialNeighbourhood, 1.0, 43), House(0x0052, Oeiras, NotSocialNeighbourhood, 1.0, 100), House(0x00ed, Oeiras, NotSocialNeighbourhood, 1.0, 10), House(0x0030, Oeiras, NotSocialNeighbourhood, 1.0, 1), House(0x0046, Oeiras, NotSocialNeighbourhood, 1.0, 42)];Dict{HouseLocation, Float64}(Oeiras => 5.185515356187307)
12;8;1.1300663428931503e8;3.9165392017450095e6;7.452915451377206e7;7.748804024145314e7;2104.3527984572906;Dict{HouseLocation, Int64}(Oeiras => 11);Dict{HouseLocation, Int64}(Oeiras => 94);Dict{HouseLocation, Int64}(Oeiras => 0);Dict{HouseLocation, Int64}(Oeiras => 95);1637.753116481072;0.21000000000000002;0.16;0.99;1.0;5;0;0;2;1222;152577.9114439169;313068.47623427253;1.426673023767189e6;2.376e6;0.0;25906.466034699468;3.913010376041671e6;2.4863373522744747e6;1.7740546986608782e6;Dict{Any, Any}(Oeiras => Transaction[Transaction(0x0034, 101920.7422066799, Oeiras), Transaction(0x0052, 252826.1188520943, Oeiras), Transaction(0x0070, 239065.92215859547, Oeiras)]);Dict{Any, Any}(Oeiras => Transaction[]);Dict{HouseLocation, Dict{SizeInterval, Int64}}(Oeiras => Dict(LessThan75 => 0, LessThan125 => 0, More => 0, LessThan50 => 0));Dict{HouseLocation, Dict{SizeInterval, Int64}}(Oeiras => Dict(LessThan75 => 1, LessThan125 => 2, More => 2, LessThan50 => 3));Dict{HouseLocation, Dict{SizeInterval, Int64}}(Oeiras => Dict(LessThan75 => 5, LessThan125 => 11, More => 13, LessThan50 => 6));House[];Mortgage[Mortgage(82874.28713714033, 78154.20960175792, 24, 0x012c), Mortgage(76822.76663060987, 73755.37782537584, 24, 0x0180), Mortgage(40009.31143873284, 27360.4311022376, 24, 0x0048)];House[House(0x00ed, Oeiras, NotSocialNeighbourhood, 1.0, 10), House(0x0029, Oeiras, NotSocialNeighbourhood, 1.0, 2), House(0x0030, Oeiras, NotSocialNeighbourhood, 1.0, 1), House(0x0070, Oeiras, NotSocialNeighbourhood, 1.0, 82), House(0x00ed, Oeiras, NotSocialNeighbourhood, 1.0, 10), House(0x0055, Oeiras, NotSocialNeighbourhood, 1.0, 57), House(0x0046, Oeiras, NotSocialNeighbourhood, 1.0, 42), House(0x0030, Oeiras, NotSocialNeighbourhood, 1.0, 1)];Dict{HouseLocation, Float64}(Oeiras => 5.198556064582978)
13;8;1.124612689886928e8;3.73523273571031e6;7.479379709726909e7;7.739219869140899e7;2095.024628707374;Dict{HouseLocation, Int64}(Oeiras => 8);Dict{HouseLocation, Int64}(Oeiras => 105);Dict{HouseLocation, Int64}(Oeiras => 1);Dict{HouseLocation, Int64}(Oeiras => 94);1629.5670917292375;0.21000000000000002;0.16;0.99;1.0;1;0;2;2;1223;151289.35508337757;343982.2857455343;1.4283109234828127e6;2.376e6;0.0;25906.466034699468;3.917264416666672e6;2.4889534931838517e6;1.8059070001640557e6;Dict{Any, Any}(Oeiras => Transaction[Transaction(0x0046, 127062.56753469128, Oeiras)]);Dict{Any, Any}(Oeiras => Transaction[]);Dict{HouseLocation, Dict{SizeInterval, Int64}}(Oeiras => Dict(LessThan75 => 1, LessThan125 => 0, More => 0, LessThan50 => 0));Dict{HouseLocation, Dict{SizeInterval, Int64}}(Oeiras => Dict(LessThan75 => 0, LessThan125 => 2, More => 2, LessThan50 => 3));Dict{HouseLocation, Dict{SizeInterval, Int64}}(Oeiras => Dict(LessThan75 => 7, LessThan125 => 16, More => 11, LessThan50 => 10));House[House(0x0032, Oeiras, NotSocialNeighbourhood, 1.0, 22)];Mortgage[Mortgage(108593.81619653825, 105572.80824710637, 23, 0x01d4)];House[House(0x0055, Oeiras, NotSocialNeighbourhood, 1.0, 57), House(0x0030, Oeiras, NotSocialNeighbourhood, 1.0, 1), House(0x0029, Oeiras, NotSocialNeighbourhood, 1.0, 2), House(0x00ed, Oeiras, NotSocialNeighbourhood, 1.0, 10), House(0x00ed, Oeiras, NotSocialNeighbourhood, 1.0, 10), House(0x0030, Oeiras, NotSocialNeighbourhood, 1.0, 1), House(0x0070, Oeiras, NotSocialNeighbourhood, 1.0, 82), House(0x0032, Oeiras, NotSocialNeighbourhood, 1.0, 22)];Dict{HouseLocation, Float64}(Oeiras => 5.176394655856859)
14;6;1.1194860704400118e8;3.6106490968894437e6;7.505653089511147e7;7.718755131985529e7;2086.0962151677727;Dict{HouseLocation, Int64}(Oeiras => 8);Dict{HouseLocation, Int64}(Oeiras => 102);Dict{HouseLocation, Int64}(Oeiras => 2);Dict{HouseLocation, Int64}(Oeiras => 96);1474.0286098069728;0.21000000000000002;0.16;0.99;1.0;3;0;5;3;1225;151372.93336200758;343716.57954936026;1.4282597824242709e6;2.376e6;0.0;36138.273484394645;3.9177782447916693e6;2.4895184623673917e6;1.8045120426341419e6;Dict{Any, Any}(Oeiras => Transaction[Transaction(0x0055, 179207.10797367175, Oeiras), Transaction(0x0032, 89354.63466352885, Oeiras)]);Dict{Any, Any}(Oeiras => Transaction[Transaction(0x0052, 959.280839527757, Oeiras)]);Dict{HouseLocation, Dict{SizeInterval, Int64}}(Oeiras => Dict(LessThan75 => 0, LessThan125 => 0, More => 0, LessThan50 => 0));Dict{HouseLocation, Dict{SizeInterval, Int64}}(Oeiras => Dict(LessThan75 => 0, LessThan125 => 1, More => 2, LessThan50 => 3));Dict{HouseLocation, Dict{SizeInterval, Int64}}(Oeiras => Dict(LessThan75 => 7, LessThan125 => 12, More => 16, LessThan50 => 10));House[];Mortgage[Mortgage(148466.71494769258, 141248.1091311738, 22, 0x0138), Mortgage(69257.14106498887, 65889.78696475622, 22, 0x0138)];House[House(0x0030, Oeiras, NotSocialNeighbourhood, 1.0, 1), House(0x0029, Oeiras, NotSocialNeighbourhood, 1.0, 2), House(0x00ed, Oeiras, NotSocialNeighbourhood, 1.0, 10), House(0x00ed, Oeiras, NotSocialNeighbourhood, 1.0, 10), House(0x0030, Oeiras, NotSocialNeighbourhood, 1.0, 1), House(0x0070, Oeiras, NotSocialNeighbourhood, 1.0, 82)];Dict{HouseLocation, Float64}(Oeiras => 5.205541514868243)
15;5;1.1154574997358236e8;3.2906376134110396e6;7.5286842145892e7;7.68209314128985e7;2031.1395726193705;Dict{HouseLocation, Int64}(Oeiras => 8);Dict{HouseLocation, Int64}(Oeiras => 101);Dict{HouseLocation, Int64}(Oeiras => 1);Dict{HouseLocation, Int64}(Oeiras => 97);1487.5614791585842;0.21000000000000002;0.16;0.99;1.0;5;0;0;1;1227;151880.88084336754;339751.41741063836;1.4327869093167712e6;2.376e6;0.0;52611.48347840388;3.929383690625004e6;2.496596781308232e6;1.783694941405853e6;Dict{Any, Any}(Oeiras => Transaction[Transaction(0x0059, 130635.30267554497, Oeiras), Transaction(0x00ed, 304182.2122937342, Oeiras), Transaction(0x0059, 136042.54078274636, Oeiras)]);Dict{Any, Any}(Oeiras => Transaction[]);Dict{HouseLocation, Dict{SizeInterval, Int64}}(Oeiras => Dict(LessThan75 => 0, LessThan125 => 0, More => 0, LessThan50 => 0));Dict{HouseLocation, Dict{SizeInterval, Int64}}(Oeiras => Dict(LessThan75 => 0, LessThan125 => 1, More => 1, LessThan50 => 3));Dict{HouseLocation, Dict{SizeInterval, Int64}}(Oeiras => Dict(LessThan75 => 11, LessThan125 => 11, More => 10, LessThan50 => 10));House[];Mortgage[Mortgage(112377.50535331327, 109350.52100926705, 21, 0x01bc), Mortgage(151466.98204406234, 143199.49098560013, 21, 0x0114), Mortgage(116728.33656967695, 113843.11268696135, 21, 0x01d4)];House[House(0x0029, Oeiras, NotSocialNeighbourhood, 1.0, 2), House(0x0030, Oeiras, NotSocialNeighbourhood, 1.0, 1), House(0x00ed, Oeiras, NotSocialNeighbourhood, 1.0, 10), House(0x0070, Oeiras, NotSocialNeighbourhood, 1.0, 82), House(0x0030, Oeiras, NotSocialNeighbourhood, 1.0, 1)];Dict{HouseLocation, Float64}(Oeiras => 5.205541514868243)
16;4;1.1110548009933347e8;3.0168261299326355e6;7.558217719020824e7;7.675508475382507e7;2014.4889813210757;Dict{HouseLocation, Int64}(Oeiras => 6);Dict{HouseLocation, Int64}(Oeiras => 101);Dict{HouseLocation, Int64}(Oeiras => 1);Dict{HouseLocation, Int64}(Oeiras => 97);1532.4980787982727;0.21000000000000002;0.16;0.99;1.0;6;0;0;2;1229;152712.48084336746;352469.08641739364;1.43289990353656e6;2.376e6;0.0;52611.48347840388;3.9311276593750026e6;2.498227755838435e6;1.850462703691317e6;Dict{Any, Any}(Oeiras => Transaction[Transaction(0x0030, 55060.2863390191, Oeiras), Transaction(0x001f, 70756.4886923931, Oeiras)]);Dict{Any, Any}(Oeiras => Transaction[Transaction(0x0038, 264.5831649289724, Oeiras)]);Dict{HouseLocation, Dict{SizeInterval, Int64}}(Oeiras => Dict(LessThan75 => 0, LessThan125 => 0, More => 0, LessThan50 => 0));Dict{HouseLocation, Dict{SizeInterval, Int64}}(Oeiras => Dict(LessThan75 => 0, LessThan125 => 1, More => 1, LessThan50 => 2));Dict{HouseLocation, Dict{SizeInterval, Int64}}(Oeiras => Dict(LessThan75 => 7, LessThan125 => 15, More => 16, LessThan50 => 10));House[];Mortgage[Mortgage(31331.32704911057, 29380.53811375594, 20, 0x00f0), Mortgage(49836.80986265799, 43298.83418084059, 20, 0x0084)];House[House(0x0030, Oeiras, NotSocialNeighbourhood, 1.0, 1), House(0x0029, Oeiras, NotSocialNeighbourhood, 1.0, 2), House(0x0070, Oeiras, NotSocialNeighbourhood, 1.0, 82), House(0x00ed, Oeiras, NotSocialNeighbourhood, 1.0, 10)];Dict{HouseLocation, Float64}(Oeiras => 5.203944032671777)
17;2;1.1059573690049362e8;2.8690146464542313e6;7.589195251005098e7;7.62830372632713e7;2005.1163955106126;Dict{HouseLocation, Int64}(Oeiras => 4);Dict{HouseLocation, Int64}(Oeiras => 96);Dict{HouseLocation, Int64}(Oeiras => 0);Dict{HouseLocation, Int64}(Oeiras => 96);1166.3376547990397;0.21000000000000002;0.16;0.99;1.0;4;1;1;0;1230;153410.7467528625;354855.825803457;1.4319396990665633e6;2.376e6;45817.17987237633;52611.48347840388;3.9292177656250023e6;2.497278066558432e6;1.8629930854681495e6;Dict{Any, Any}(Oeiras => Transaction[Transaction(0x0070, 276068.4025930206, Oeiras), Transaction(0x00ed, 281835.20460455696, Oeiras)]);Dict{Any, Any}(Oeiras => Transaction[]);Dict{HouseLocation, Dict{SizeInterval, Int64}}(Oeiras => Dict(LessThan75 => 0, LessThan125 => 0, More => 0, LessThan50 => 0));Dict{HouseLocation, Dict{SizeInterval, Int64}}(Oeiras => Dict(LessThan75 => 0, LessThan125 => 0, More => 0, LessThan50 => 2));Dict{HouseLocation, Dict{SizeInterval, Int64}}(Oeiras => Dict(LessThan75 => 9, LessThan125 => 13, More => 14, LessThan50 => 5));House[];Mortgage[Mortgage(240701.06672599036, 233529.4349654617, 19, 0x0180), Mortgage(247240.6345526909, 231721.51427653898, 19, 0x00e4)];House[House(0x0030, Oeiras, NotSocialNeighbourhood, 1.0, 1), House(0x0029, Oeiras, NotSocialNeighbourhood, 1.0, 2)];Dict{HouseLocation, Float64}(Oeiras => 5.209109238091209)
18;2;1.0997035058765836e8;2.739403162975827e6;7.620081974353637e7;7.618282118041442e7;2015.5419279328246;Dict{HouseLocation, Int64}(Oeiras => 4);Dict{HouseLocation, Int64}(Oeiras => 98);Dict{HouseLocation, Int64}(Oeiras => 0);Dict{HouseLocation, Int64}(Oeiras => 97);1154.6742782510494;0.21000000000000002;0.16;0.99;1.0;3;0;0;2;1232;153906.09750986253;355912.4337591583;1.4337037558740638e6;2.376e6;-45817.17987237633;52611.48347840388;3.935673043750006e6;2.5019692878759317e6;1.8685402772355801e6;Dict{Any, Any}(Oeiras => Transaction[Transaction(0x0067, 286348.2364894349, Oeiras), Transaction(0x0028, 66721.0074734914, Oeiras)]);Dict{Any, Any}(Oeiras => Transaction[]);Dict{HouseLocation, Dict{SizeInterval, Int64}}(Oeiras => Dict(LessThan75 => 0, LessThan125 => 0, More => 0, LessThan50 => 0));Dict{HouseLocation, Dict{SizeInterval, Int64}}(Oeiras => Dict(LessThan75 => 0, LessThan125 => 0, More => 0, LessThan50 => 2));Dict{HouseLocation, Dict{SizeInterval, Int64}}(Oeiras => Dict(LessThan75 => 10, LessThan125 => 16, More => 10, LessThan50 => 7));House[];Mortgage[Mortgage(65721.67448274503, 64279.08321541076, 18, 0x01bc), Mortgage(52499.534631608185, 50966.91310026331, 18, 0x0174)];House[House(0x0029, Oeiras, NotSocialNeighbourhood, 1.0, 2), House(0x0030, Oeiras, NotSocialNeighbourhood, 1.0, 1)];Dict{HouseLocation, Float64}(Oeiras => 5.209109238091209)
19;3;1.0946251564446433e8;2.543991679497423e6;7.652077243253398e7;7.620121459533057e7;2015.5419279328246;Dict{HouseLocation, Int64}(Oeiras => 3);Dict{HouseLocation, Int64}(Oeiras => 106);Dict{HouseLocation, Int64}(Oeiras => 1);Dict{HouseLocation, Int64}(Oeiras => 97);1301.6199721480307;0.21000000000000002;0.16;0.99;1.0;1;1;3;4;1235;152714.5033549574;359448.3498884914;1.4377345258646887e6;2.376e6;0.0;52611.48347840388;3.9431511479166714e6;2.505416622051972e6;1.8871038369145822e6;Dict{Any, Any}(Oeiras => Transaction[]);Dict{Any, Any}(Oeiras => Transaction[Transaction(0x0028, 270.00553015365796, Oeiras)]);Dict{HouseLocation, Dict{SizeInterval, Int64}}(Oeiras => Dict(LessThan75 => 0, LessThan125 => 0, More => 0, LessThan50 => 0));Dict{HouseLocation, Dict{SizeInterval, Int64}}(Oeiras => Dict(LessThan75 => 0, LessThan125 => 1, More => 0, LessThan50 => 2));Dict{HouseLocation, Dict{SizeInterval, Int64}}(Oeiras => Dict(LessThan75 => 15, LessThan125 => 17, More => 12, LessThan50 => 9));House[];Mortgage[];House[House(0x0029, Oeiras, NotSocialNeighbourhood, 1.0, 2), House(0x0030, Oeiras, NotSocialNeighbourhood, 1.0, 1), House(0x0070, Oeiras, NotSocialNeighbourhood, 1.0, 19)];Dict{HouseLocation, Float64}(Oeiras => 5.214228935817953)
20;3;1.0900064548169093e8;2.308324117739661e6;7.685221486120825e7;7.604180008636345e7;2012.6150725096566;Dict{HouseLocation, Int64}(Oeiras => 4);Dict{HouseLocation, Int64}(Oeiras => 96);Dict{HouseLocation, Int64}(Oeiras => 0);Dict{HouseLocation, Int64}(Oeiras => 101);1474.21890435331;0.21000000000000002;0.16;0.99;1.0;3;0;1;2;1237;153430.42624643253;363171.0304617576;1.4395514305746874e6;2.376e6;0.0;60667.56175776158;3.95120548125e6;2.511654050675307e6;1.906647909924223e6;Dict{Any, Any}(Oeiras => Transaction[Transaction(0x0070, 178056.7521691462, Oeiras), Transaction(0x001a, 60125.25446627918, Oeiras)]);Dict{Any, Any}(Oeiras => Transaction[]);Dict{HouseLocation, Dict{SizeInterval, Int64}}(Oeiras => Dict(LessThan75 => 0, LessThan125 => 0, More => 1, LessThan50 => 0));Dict{HouseLocation, Dict{SizeInterval, Int64}}(Oeiras => Dict(LessThan75 => 0, LessThan125 => 0, More => 0, LessThan50 => 2));Dict{HouseLocation, Dict{SizeInterval, Int64}}(Oeiras => Dict(LessThan75 => 13, LessThan125 => 11, More => 14, LessThan50 => 4));House[House(0x0097, Oeiras, NotSocialNeighbourhood, 1.0, 58)];Mortgage[Mortgage(148398.0112550761, 143799.33074479207, 16, 0x0144), Mortgage(29409.912628189068, 28324.446647214474, 16, 0x0120)];House[House(0x0030, Oeiras, NotSocialNeighbourhood, 1.0, 1), House(0x0029, Oeiras, NotSocialNeighbourhood, 1.0, 2), House(0x0097, Oeiras, NotSocialNeighbourhood, 1.0, 58)];Dict{HouseLocation, Float64}(Oeiras => 5.214228935817953)
21;4;1.0857922543343581e8;2.0289514121447543e6;7.716198226230922e7;7.606089969003838e7;2012.6150725096566;Dict{HouseLocation, Int64}(Oeiras => 3);Dict{HouseLocation, Int64}(Oeiras => 106);Dict{HouseLocation, Int64}(Oeiras => 0);Dict{HouseLocation, Int64}(Oeiras => 101);1752.2443364823328;0.21000000000000002;0.16;0.99;1.0;6;0;0;4;1241;154860.58539839264;360177.60616207914;1.4415375230746882e6;2.376e6;0.0;45572.70559490667;3.9571650312500005e6;2.5156275081753125e6;1.8909324323509128e6;Dict{Any, Any}(Oeiras => Transaction[]);Dict{Any, Any}(Oeiras => Transaction[]);Dict{HouseLocation, Dict{SizeInterval, Int64}}(Oeiras => Dict(LessThan75 => 0, LessThan125 => 0, More => 0, LessThan50 => 1));Dict{HouseLocation, Dict{SizeInterval, Int64}}(Oeiras => Dict(LessThan75 => 0, LessThan125 => 0, More => 1, LessThan50 => 2));Dict{HouseLocation, Dict{SizeInterval, Int64}}(Oeiras => Dict(LessThan75 => 14, LessThan125 => 15, More => 14, LessThan50 => 9));House[House(0x0097, Oeiras, NotSocialNeighbourhood, 1.0, 58), House(0x0027, Oeiras, NotSocialNeighbourhood, 1.0, 89)];Mortgage[];House[House(0x0029, Oeiras, NotSocialNeighbourhood, 1.0, 2), House(0x0097, Oeiras, NotSocialNeighbourhood, 1.0, 58), House(0x0030, Oeiras, NotSocialNeighbourhood, 1.0, 1), House(0x0027, Oeiras, NotSocialNeighbourhood, 1.0, 89)];Dict{HouseLocation, Float64}(Oeiras => 5.214228935817953)
22;3;1.0806838495790742e8;1.952178937979109e6;7.745645295256773e7;7.599097671742481e7;2027.3932012868174;Dict{HouseLocation, Int64}(Oeiras => 4);Dict{HouseLocation, Int64}(Oeiras => 110);Dict{HouseLocation, Int64}(Oeiras => 0);Dict{HouseLocation, Int64}(Oeiras => 105);1444.881948156679;0.21000000000000002;0.16;0.99;1.0;1;0;0;6;1245;154470.24463439255;360780.55171594786;1.4492964370809386e6;2.376e6;0.0;41200.077997439235;3.975627206250001e6;2.5263307691690614e6;1.894097896508728e6;Dict{Any, Any}(Oeiras => Transaction[Transaction(0x0027, 104427.6038317939, Oeiras)]);Dict{Any, Any}(Oeiras => Transaction[]);Dict{HouseLocation, Dict{SizeInterval, Int64}}(Oeiras => Dict(LessThan75 => 0, LessThan125 => 0, More => 0, LessThan50 => 0));Dict{HouseLocation, Dict{SizeInterval, Int64}}(Oeiras => Dict(LessThan75 => 0, LessThan125 => 0, More => 1, LessThan50 => 2));Dict{HouseLocation, Dict{SizeInterval, Int64}}(Oeiras => Dict(LessThan75 => 14, LessThan125 => 14, More => 16, LessThan50 => 9));House[House(0x0097, Oeiras, NotSocialNeighbourhood, 1.0, 58)];Mortgage[Mortgage(89022.57628850103, 86956.78178214368, 14, 0x015c)];House[House(0x0030, Oeiras, NotSocialNeighbourhood, 1.0, 1), House(0x0097, Oeiras, NotSocialNeighbourhood, 1.0, 58), House(0x0029, Oeiras, NotSocialNeighbourhood, 1.0, 2)];Dict{HouseLocation, Float64}(Oeiras => 5.214228935817953)
23;2;1.0768314116164605e8;1.9761266413092325e6;7.778302288185522e7;7.598643702934343e7;2029.3258455065575;Dict{HouseLocation, Int64}(Oeiras => 3);Dict{HouseLocation, Int64}(Oeiras => 110);Dict{HouseLocation, Int64}(Oeiras => 0);Dict{HouseLocation, Int64}(Oeiras => 107);1098.083749492212;0.21000000000000002;0.16;0.99;1.0;1;0;2;0;1245;155155.03954368015;368455.2696659347;1.4517494087173967e6;2.376e6;0.0;56212.816814501115;3.983820236458329e6;2.5320708277409347e6;1.93439016574616e6;Dict{Any, Any}(Oeiras => Transaction[Transaction(0x0097, 319560.5201446242, Oeiras)]);Dict{Any, Any}(Oeiras => Transaction[]);Dict{HouseLocation, Dict{SizeInterval, Int64}}(Oeiras => Dict(LessThan75 => 0, LessThan125 => 0, More => 0, LessThan50 => 0));Dict{HouseLocation, Dict{SizeInterval, Int64}}(Oeiras => Dict(LessThan75 => 0, LessThan125 => 0, More => 0, LessThan50 => 2));Dict{HouseLocation, Dict{SizeInterval, Int64}}(Oeiras => Dict(LessThan75 => 21, LessThan125 => 10, More => 16, LessThan50 => 12));House[];Mortgage[Mortgage(23968.713181743224, 23623.63739899028, 13, 0x01b0)];House[House(0x0030, Oeiras, NotSocialNeighbourhood, 1.0, 1), House(0x0029, Oeiras, NotSocialNeighbourhood, 1.0, 2)];Dict{HouseLocation, Float64}(Oeiras => 5.214228935817953)
24;2;1.0715961736317565e8;1.8429138244947316e6;7.809382374163574e7;7.600594172523403e7;2029.3258455065575;Dict{HouseLocation, Int64}(Oeiras => 2);Dict{HouseLocation, Int64}(Oeiras => 111);Dict{HouseLocation, Int64}(Oeiras => 0);Dict{HouseLocation, Int64}(Oeiras => 107);1087.1029119972898;0.24000000000000002;0.18;0.98;1.0;5;0;2;0;1246;155605.50627302993;370364.5643629814;1.4521516243132292e6;2.352e6;0.0;56212.816814501115;3.985613103125003e6;2.533461478811769e6;1.944413962905649e6;Dict{Any, Any}(Oeiras => Transaction[]);Dict{Any, Any}(Oeiras => Transaction[]);Dict{HouseLocation, Dict{SizeInterval, Int64}}(Oeiras => Dict(LessThan75 => 0, LessThan125 => 0, More => 0, LessThan50 => 0));Dict{HouseLocation, Dict{SizeInterval, Int64}}(Oeiras => Dict(LessThan75 => 0, LessThan125 => 0, More => 0, LessThan50 => 2));Dict{HouseLocation, Dict{SizeInterval, Int64}}(Oeiras => Dict(LessThan75 => 19, LessThan125 => 12, More => 15, LessThan50 => 11));House[];Mortgage[];House[House(0x0029, Oeiras, NotSocialNeighbourhood, 1.0, 2), House(0x0030, Oeiras, NotSocialNeighbourhood, 1.0, 1)];Dict{HouseLocation, Float64}(Oeiras => 5.246756121326427)
25;2;1.0669334268793437e8;1.7041010076802308e6;7.836660725444794e7;7.592300660742614e7;2039.7459916799032;Dict{HouseLocation, Int64}(Oeiras => 3);Dict{HouseLocation, Int64}(Oeiras => 107);Dict{HouseLocation, Int64}(Oeiras => 0);Dict{HouseLocation, Int64}(Oeiras => 109);1076.2318828773168;0.24000000000000002;0.18;0.98;1.0;1;0;0;4;1249;154033.73348239315;418824.27331555466;1.4524842008132306e6;2.352e6;0.0;56212.816814501115;3.98719373229167e6;2.5347095314784376e6;1.907977245104194e6;Dict{Any, Any}(Oeiras => Transaction[Transaction(0x0036, 136029.92664530515, Oeiras)]);Dict{Any, Any}(Oeiras => Transaction[]);Dict{HouseLocation, Dict{SizeInterval, Int64}}(Oeiras => Dict(LessThan75 => 0, LessThan125 => 0, More => 0, LessThan50 => 0));Dict{HouseLocation, Dict{SizeInterval, Int64}}(Oeiras => Dict(LessThan75 => 0, LessThan125 => 0, More => 0, LessThan50 => 2));Dict{HouseLocation, Dict{SizeInterval, Int64}}(Oeiras => Dict(LessThan75 => 15, LessThan125 => 11, More => 5, LessThan50 => 7));House[];Mortgage[Mortgage(107806.13268514184, 103312.44884418689, 11, 0x00c0)];House[House(0x0029, Oeiras, NotSocialNeighbourhood, 1.0, 2), House(0x0030, Oeiras, NotSocialNeighbourhood, 1.0, 1)];Dict{HouseLocation, Float64}(Oeiras => 5.246756121326427)
26;3;1.0619237630457996e8;1.5944806430412459e6;7.861709488575056e7;7.55415667670251e7;2044.0349519800307;Dict{HouseLocation, Int64}(Oeiras => 4);Dict{HouseLocation, Int64}(Oeiras => 113);Dict{HouseLocation, Int64}(Oeiras => 0);Dict{HouseLocation, Int64}(Oeiras => 112);1283.294259881959;0.24000000000000002;0.18;0.98;1.0;2;1;1;2;1252;153871.30299039342;414218.70938660286;1.4525811991215618e6;2.352e6;0.0;60620.36463898519;3.9885087114583342e6;2.5359275123367724e6;1.8869963427611943e6;Dict{Any, Any}(Oeiras => Transaction[Transaction(0x0072, 255399.95073827542, Oeiras), Transaction(0x0072, 233620.2676012545, Oeiras)]);Dict{Any, Any}(Oeiras => Transaction[]);Dict{HouseLocation, Dict{SizeInterval, Int64}}(Oeiras => Dict(LessThan75 => 0, LessThan125 => 0, More => 1, LessThan50 => 0));Dict{HouseLocation, Dict{SizeInterval, Int64}}(Oeiras => Dict(LessThan75 => 0, LessThan125 => 0, More => 0, LessThan50 => 2));Dict{HouseLocation, Dict{SizeInterval, Int64}}(Oeiras => Dict(LessThan75 => 23, LessThan125 => 11, More => 13, LessThan50 => 11));House[House(0x008a, Oeiras, NotSocialNeighbourhood, 1.0, 6)];Mortgage[Mortgage(206312.78262144607, 203295.19997504365, 10, 0x0168), Mortgage(200759.17984762084, 198851.32938636237, 10, 0x01c8)];House[House(0x0030, Oeiras, NotSocialNeighbourhood, 1.0, 1), House(0x0029, Oeiras, NotSocialNeighbourhood, 1.0, 2), House(0x008a, Oeiras, NotSocialNeighbourhood, 1.0, 6)];Dict{HouseLocation, Float64}(Oeiras => 5.246756121326427)
27;3;1.0570834636383492e8;1.4789334883962702e6;7.888582540430164e7;7.547904015783416e7;2048.33640960038;Dict{HouseLocation, Int64}(Oeiras => 4);Dict{HouseLocation, Int64}(Oeiras => 123);Dict{HouseLocation, Int64}(Oeiras => 0);Dict{HouseLocation, Int64}(Oeiras => 115);1270.4613172831394;0.24000000000000002;0.18;0.98;1.0;4;0;1;1;1254;153766.40125023352;419900.6309015439;1.4544441378106237e6;2.352e6;0.0;44147.154644975955;3.996150133333336e6;2.541705995522701e6;1.9128806518848056e6;Dict{Any, Any}(Oeiras => Transaction[Transaction(0x0056, 194283.2736377856, Oeiras)]);Dict{Any, Any}(Oeiras => Transaction[]);Dict{HouseLocation, Dict{SizeInterval, Int64}}(Oeiras => Dict(LessThan75 => 0, LessThan125 => 0, More => 0, LessThan50 => 0));Dict{HouseLocation, Dict{SizeInterval, Int64}}(Oeiras => Dict(LessThan75 => 0, LessThan125 => 0, More => 1, LessThan50 => 2));Dict{HouseLocation, Dict{SizeInterval, Int64}}(Oeiras => Dict(LessThan75 => 22, LessThan125 => 12, More => 11, LessThan50 => 12));House[House(0x008a, Oeiras, NotSocialNeighbourhood, 1.0, 6)];Mortgage[Mortgage(90000.83803551934, 87591.21665109362, 9, 0x00e4)];House[House(0x0029, Oeiras, NotSocialNeighbourhood, 1.0, 2), House(0x008a, Oeiras, NotSocialNeighbourhood, 1.0, 6), House(0x0030, Oeiras, NotSocialNeighbourhood, 1.0, 1)];Dict{HouseLocation, Float64}(Oeiras => 5.246756121326427)
28;2;1.0531379117153883e8;1.5045435574040127e6;7.91654123520235e7;7.531204955369984e7;2041.1592000419641;Dict{HouseLocation, Int64}(Oeiras => 3);Dict{HouseLocation, Int64}(Oeiras => 124);Dict{HouseLocation, Int64}(Oeiras => 0);Dict{HouseLocation, Int64}(Oeiras => 116);1044.2667197239778;0.24000000000000002;0.18;0.98;1.0;2;0;2;0;1255;153864.00907873345;422466.2129527504;1.4538108026959903e6;2.352e6;0.0;44147.154644975955;3.99698135572917e6;2.5431705530331754e6;1.9245683034514175e6;Dict{Any, Any}(Oeiras => Transaction[Transaction(0x008a, 232157.22365271812, Oeiras)]);Dict{Any, Any}(Oeiras => Transaction[]);Dict{HouseLocation, Dict{SizeInterval, Int64}}(Oeiras => Dict(LessThan75 => 0, LessThan125 => 0, More => 0, LessThan50 => 0));Dict{HouseLocation, Dict{SizeInterval, Int64}}(Oeiras => Dict(LessThan75 => 0, LessThan125 => 0, More => 0, LessThan50 => 2));Dict{HouseLocation, Dict{SizeInterval, Int64}}(Oeiras => Dict(LessThan75 => 19, LessThan125 => 14, More => 14, LessThan50 => 17));House[];Mortgage[Mortgage(195029.02147127656, 191533.82677697687, 8, 0x0114)];House[House(0x0029, Oeiras, NotSocialNeighbourhood, 1.0, 2), House(0x0030, Oeiras, NotSocialNeighbourhood, 1.0, 1)];Dict{HouseLocation, Float64}(Oeiras => 5.246756121326427)
29;4;1.048898871998225e8;1.328796402759037e6;7.944977211222549e7;7.525864325970088e7;2040.5155586042015;Dict{HouseLocation, Int64}(Oeiras => 4);Dict{HouseLocation, Int64}(Oeiras => 132);Dict{HouseLocation, Int64}(Oeiras => 0);Dict{HouseLocation, Int64}(Oeiras => 117);1803.0538257258054;0.24000000000000002;0.18;0.98;1.0;2;0;2;5;1258;153843.07627873332;423436.0384056789;1.4535163736409908e6;2.352e6;0.0;44147.154644975955;3.9966266369791664e6;2.5431102633381714e6;1.9289863971814248e6;Dict{Any, Any}(Oeiras => Transaction[Transaction(0x002f, 94361.42272808033, Oeiras)]);Dict{Any, Any}(Oeiras => Transaction[]);Dict{HouseLocation, Dict{SizeInterval, Int64}}(Oeiras => Dict(LessThan75 => 0, LessThan125 => 0, More => 1, LessThan50 => 0));Dict{HouseLocation, Dict{SizeInterval, Int64}}(Oeiras => Dict(LessThan75 => 0, LessThan125 => 1, More => 0, LessThan50 => 2));Dict{HouseLocation, Dict{SizeInterval, Int64}}(Oeiras => Dict(LessThan75 => 19, LessThan125 => 16, More => 13, LessThan50 => 15));House[House(0x0087, Oeiras, NotSocialNeighbourhood, 1.0, 83)];Mortgage[Mortgage(82526.63569511077, 81685.92390778671, 7, 0x0168)];House[House(0x0030, Oeiras, NotSocialNeighbourhood, 1.0, 1), House(0x0029, Oeiras, NotSocialNeighbourhood, 1.0, 2), House(0x0063, Oeiras, NotSocialNeighbourhood, 1.0, 87), House(0x0087, Oeiras, NotSocialNeighbourhood, 1.0, 83)];Dict{HouseLocation, Float64}(Oeiras => 5.246756121326427)
30;4;1.0449750882052612e8;1.1168606924997726e6;7.970207368980011e7;7.484671734168988e7;2065.4101430016417;Dict{HouseLocation, Int64}(Oeiras => 7);Dict{HouseLocation, Int64}(Oeiras => 125);Dict{HouseLocation, Int64}(Oeiras => 0);Dict{HouseLocation, Int64}(Oeiras => 122);1636.6095202324466;0.24000000000000002;0.18;0.98;1.0;2;0;1;3;1260;154142.04533606666;417776.90532889345;1.4551079794534887e6;2.352e6;0.0;41135.710259264524;4.0029043244791664e6;2.5477963450256744e6;1.9032059020538463e6;Dict{Any, Any}(Oeiras => Transaction[Transaction(0x0063, 262254.10083210055, Oeiras), Transaction(0x0038, 120873.36727374377, Oeiras), Transaction(0x0060, 257593.392874014, Oeiras)]);Dict{Any, Any}(Oeiras => Transaction[]);Dict{HouseLocation, Dict{SizeInterval, Int64}}(Oeiras => Dict(LessThan75 => 0, LessThan125 => 0, More => 0, LessThan50 => 0));Dict{HouseLocation, Dict{SizeInterval, Int64}}(Oeiras => Dict(LessThan75 => 1, LessThan125 => 0, More => 1, LessThan50 => 2));Dict{HouseLocation, Dict{SizeInterval, Int64}}(Oeiras => Dict(LessThan75 => 19, LessThan125 => 20, More => 15, LessThan50 => 8));House[House(0x0087, Oeiras, NotSocialNeighbourhood, 1.0, 83)];Mortgage[Mortgage(121159.2875128744, 120040.37325022167, 6, 0x015c), Mortgage(102146.6525319664, 101203.32124679271, 6, 0x015c), Mortgage(218134.31444395462, 216610.7233241783, 6, 0x0198)];House[House(0x0029, Oeiras, NotSocialNeighbourhood, 1.0, 2), House(0x0087, Oeiras, NotSocialNeighbourhood, 1.0, 83), House(0x0030, Oeiras, NotSocialNeighbourhood, 1.0, 1), House(0x0045, Oeiras, NotSocialNeighbourhood, 1.0, 33)];Dict{HouseLocation, Float64}(Oeiras => 5.254573300293612)
31;4;1.0416247537930736e8;853491.9544708494;7.998357970827943e7;7.464386967843029e7;2056.851641263554;Dict{HouseLocation, Int64}(Oeiras => 5);Dict{HouseLocation, Int64}(Oeiras => 121);Dict{HouseLocation, Int64}(Oeiras => 0);Dict{HouseLocation, Int64}(Oeiras => 123);1724.215409900728;0.24000000000000002;0.18;0.98;1.0;5;1;2;4;1263;154781.89259801328;424570.8986068125;1.455390179710155e6;2.352e6;0.0;72968.73802892334;4.0046502973958333e6;2.5492601176856784e6;1.9341563158754786e6;Dict{Any, Any}(Oeiras => Transaction[Transaction(0x0045, 141982.17724429956, Oeiras), Transaction(0x005b, 144259.840565458, Oeiras)]);Dict{Any, Any}(Oeiras => Transaction[]);Dict{HouseLocation, Dict{SizeInterval, Int64}}(Oeiras => Dict(LessThan75 => 1, LessThan125 => 0, More => 0, LessThan50 => 0));Dict{HouseLocation, Dict{SizeInterval, Int64}}(Oeiras => Dict(LessThan75 => 0, LessThan125 => 0, More => 1, LessThan50 => 2));Dict{HouseLocation, Dict{SizeInterval, Int64}}(Oeiras => Dict(LessThan75 => 13, LessThan125 => 16, More => 12, LessThan50 => 10));House[House(0x0087, Oeiras, NotSocialNeighbourhood, 1.0, 83), House(0x0032, Oeiras, NotSocialNeighbourhood, 1.0, 77)];Mortgage[Mortgage(113019.11796326557, 112041.36409424523, 5, 0x0144), Mortgage(121407.02774058681, 120662.30143054423, 5, 0x018c)];House[House(0x0087, Oeiras, NotSocialNeighbourhood, 1.0, 83), House(0x0029, Oeiras, NotSocialNeighbourhood, 1.0, 2), House(0x0030, Oeiras, NotSocialNeighbourhood, 1.0, 1), House(0x0032, Oeiras, NotSocialNeighbourhood, 1.0, 77)];Dict{HouseLocation, Float64}(Oeiras => 5.254573300293612)
32;3;1.037365730874711e8;1.1302634408005807e6;8.026928933956246e7;7.428452259183961e7;2073.715649785906;Dict{HouseLocation, Int64}(Oeiras => 6);Dict{HouseLocation, Int64}(Oeiras => 129);Dict{HouseLocation, Int64}(Oeiras => 1);Dict{HouseLocation, Int64}(Oeiras => 127);1390.4213664838683;0.24000000000000002;0.18;0.98;1.0;2;0;0;3;1266;154676.94182061337;427522.27580755576;1.4582912670601592e6;2.352e6;0.0;64912.65974956563;4.013891847395831e6;2.5556005803356706e6;1.947601478678869e6;Dict{Any, Any}(Oeiras => Transaction[Transaction(0x0087, 312312.722547256, Oeiras), Transaction(0x0032, 125971.42353204095, Oeiras), Transaction(0x0026, 89282.49682254026, Oeiras)]);Dict{Any, Any}(Oeiras => Transaction[Transaction(0x005b, 606.2139236957222, Oeiras)]);Dict{HouseLocation, Dict{SizeInterval, Int64}}(Oeiras => Dict(LessThan75 => 0, LessThan125 => 0, More => 0, LessThan50 => 0));Dict{HouseLocation, Dict{SizeInterval, Int64}}(Oeiras => Dict(LessThan75 => 0, LessThan125 => 1, More => 0, LessThan50 => 2));Dict{HouseLocation, Dict{SizeInterval, Int64}}(Oeiras => Dict(LessThan75 => 22, LessThan125 => 18, More => 11, LessThan50 => 10));House[];Mortgage[Mortgage(233380.14529297454, 230822.17508883524, 4, 0x00f0), Mortgage(107176.20605448654, 106621.48165691522, 4, 0x0180), Mortgage(51492.84521143002, 51114.617333155904, 4, 0x0138)];House[House(0x0029, Oeiras, NotSocialNeighbourhood, 1.0, 2), House(0x0030, Oeiras, NotSocialNeighbourhood, 1.0, 1), House(0x0057, Oeiras, NotSocialNeighbourhood, 1.0, 71)];Dict{HouseLocation, Float64}(Oeiras => 5.262815670956762)
33;2;1.0334767171873175e8;932350.781051015;8.05675752953559e7;7.397028302610174e7;2067.418767305232;Dict{HouseLocation, Int64}(Oeiras => 5);Dict{HouseLocation, Int64}(Oeiras => 125);Dict{HouseLocation, Int64}(Oeiras => 1);Dict{HouseLocation, Int64}(Oeiras => 128);993.0872598992148;0.24000000000000002;0.18;0.98;1.0;5;0;1;4;1269;155220.85238991334;431459.4221940177;1.4596602488518246e6;2.352e6;0.0;64912.65974956563;4.019251411979163e6;2.55959116312734e6;1.9655373677727508e6;Dict{Any, Any}(Oeiras => Transaction[Transaction(0x0057, 191008.45015516822, Oeiras), Transaction(0x004b, 137879.89613789108, Oeiras), Transaction(0x0036, 96689.44678495415, Oeiras)]);Dict{Any, Any}(Oeiras => Transaction[Transaction(0x0036, 411.4750449778017, Oeiras)]);Dict{HouseLocation, Dict{SizeInterval, Int64}}(Oeiras => Dict(LessThan75 => 0, LessThan125 => 0, More => 0, LessThan50 => 0));Dict{HouseLocation, Dict{SizeInterval, Int64}}(Oeiras => Dict(LessThan75 => 0, LessThan125 => 0, More => 0, LessThan50 => 2));Dict{HouseLocation, Dict{SizeInterval, Int64}}(Oeiras => Dict(LessThan75 => 18, LessThan125 => 18, More => 15, LessThan50 => 11));House[];Mortgage[Mortgage(153506.0340391911, 152607.3211166745, 3, 0x012c), Mortgage(119517.42020935722, 119143.91921774083, 3, 0x01b0), Mortgage(76093.43118070462, 75674.93542763633, 3, 0x0138)];House[House(0x0029, Oeiras, NotSocialNeighbourhood, 1.0, 2), House(0x0030, Oeiras, NotSocialNeighbourhood, 1.0, 1)];Dict{HouseLocation, Float64}(Oeiras => 5.270646543280259)
34;2;1.0295810877374052e8;727438.1213014494;8.081543898936513e7;7.400688576423496e7;2067.418767305232;Dict{HouseLocation, Int64}(Oeiras => 2);Dict{HouseLocation, Int64}(Oeiras => 127);Dict{HouseLocation, Int64}(Oeiras => 0);Dict{HouseLocation, Int64}(Oeiras => 127);983.1563873002226;0.24000000000000002;0.18;0.98;1.0;3;0;1;2;1271;154999.56494815342;422017.0096987035;1.4618904444664074e6;2.352e6;0.0;64912.65974956563;4.0266582390625025e6;2.5647677945960904e6;1.9225219330718757e6;Dict{Any, Any}(Oeiras => Transaction[]);Dict{Any, Any}(Oeiras => Transaction[]);Dict{HouseLocation, Dict{SizeInterval, Int64}}(Oeiras => Dict(LessThan75 => 0, LessThan125 => 0, More => 0, LessThan50 => 0));Dict{HouseLocation, Dict{SizeInterval, Int64}}(Oeiras => Dict(LessThan75 => 0, LessThan125 => 0, More => 0, LessThan50 => 2));Dict{HouseLocation, Dict{SizeInterval, Int64}}(Oeiras => Dict(LessThan75 => 20, LessThan125 => 16, More => 10, LessThan50 => 15));House[];Mortgage[];House[House(0x0029, Oeiras, NotSocialNeighbourhood, 1.0, 2), House(0x0030, Oeiras, NotSocialNeighbourhood, 1.0, 1)];Dict{HouseLocation, Float64}(Oeiras => 5.270646543280259)
35;2;1.024435578740097e8;662525.4615518837;8.111890170677093e7;7.389753974378935e7;2065.2982817882025;Dict{HouseLocation, Int64}(Oeiras => 3);Dict{HouseLocation, Int64}(Oeiras => 127);Dict{HouseLocation, Int64}(Oeiras => 0);Dict{HouseLocation, Int64}(Oeiras => 129);973.3248234272205;0.24000000000000002;0.18;0.98;1.0;4;0;3;6;1274;154267.24750501188;435041.65534529486;1.4631455266371912e6;2.352e6;0.0;64912.65974956563;4.0303937125000004e6;2.5672481858628085e6;1.9818564299063468e6;Dict{Any, Any}(Oeiras => Transaction[Transaction(0x0059, 171921.984785166, Oeiras)]);Dict{Any, Any}(Oeiras => Transaction[]);Dict{HouseLocation, Dict{SizeInterval, Int64}}(Oeiras => Dict(LessThan75 => 0, LessThan125 => 0, More => 0, LessThan50 => 0));Dict{HouseLocation, Dict{SizeInterval, Int64}}(Oeiras => Dict(LessThan75 => 0, LessThan125 => 0, More => 0, LessThan50 => 2));Dict{HouseLocation, Dict{SizeInterval, Int64}}(Oeiras => Dict(LessThan75 => 12, LessThan125 => 15, More => 10, LessThan50 => 14));House[];Mortgage[Mortgage(145948.75857883203, 145770.89460958465, 1, 0x018c)];House[House(0x0030, Oeiras, NotSocialNeighbourhood, 1.0, 1), House(0x0029, Oeiras, NotSocialNeighbourhood, 1.0, 2)];Dict{HouseLocation, Float64}(Oeiras => 5.270646543280259)
36;2;1.0202697060654345e8;520612.8018023181;8.136604056715947e7;7.393480684175375e7;2065.2982817882025;Dict{HouseLocation, Int64}(Oeiras => 2);Dict{HouseLocation, Int64}(Oeiras => 125);Dict{HouseLocation, Int64}(Oeiras => 0);Dict{HouseLocation, Int64}(Oeiras => 132);963.5915751929483;0.25;0.19;0.97;1.0;2;0;0;0;1275;155095.96637501183;429978.47880490177;1.466001054312189e6;2.328e6;0.0;64912.65974956563;4.039651987499997e6;2.5736509331878093e6;1.9587908478889982e6;Dict{Any, Any}(Oeiras => Transaction[]);Dict{Any, Any}(Oeiras => Transaction[]);Dict{HouseLocation, Dict{SizeInterval, Int64}}(Oeiras => Dict(LessThan75 => 0, LessThan125 => 0, More => 0, LessThan50 => 0));Dict{HouseLocation, Dict{SizeInterval, Int64}}(Oeiras => Dict(LessThan75 => 0, LessThan125 => 0, More => 0, LessThan50 => 2));Dict{HouseLocation, Dict{SizeInterval, Int64}}(Oeiras => Dict(LessThan75 => 18, LessThan125 => 17, More => 9, LessThan50 => 14));House[];Mortgage[];House[House(0x0030, Oeiras, NotSocialNeighbourhood, 1.0, 1), House(0x0029, Oeiras, NotSocialNeighbourhood, 1.0, 2)];Dict{HouseLocation, Float64}(Oeiras => 5.313548158793185)
